Paul COMPSTON  - Engineering - CECS - ANU:eng.anu.edu.au/user/3544
Paul COMPSTON  - CECS People - ANU:people.cecs.anu.edu.au/user/3544
Paul Francis' Home Page:www.mso.anu.edu.au/~pfrancis/
Paul SCOTT  - CS - CECS - ANU:cs.anu.edu.au/user/4496
Paul Burke - Crawford School - ANU:crawford.anu.edu.au/crawford_people/content/staff/acde/pburke.php
Dr Paul Francis on  the 'Greatest unsolved mysteries of the...:www.anu.edu.au/vision/videos/1131/
A/Professor Paul Francis - RSAA - ANU:rsaa.anu.edu.au/people/paul-francis
Dr Paul Francis - RSPE - ANU:physics.anu.edu.au/people/profile.php?ID=1033
rses.anu.edu.au/~pault/:rses.anu.edu.au/~pault/
Paul Chen - ANU College of Business and Economics:cbe.anu.edu.au/people/rse/paul-chen/
Dr Paul Arthur:./c5a_search.php?submit=Search&querytext=0
Dr Paul Atkins:./c5a_search.php?submit=Search&querytext=1
Mr Paul Booth:./c5a_search.php?submit=Search&querytext=2
Dr Paul J Burke:./c5a_search.php?submit=Search&querytext=3
Dr Paul Burton:./c5a_search.php?submit=Search&querytext=4
Dr Paul Carr:./c5a_search.php?submit=Search&querytext=5
Dr Paul Chen:./c5a_search.php?submit=Search&querytext=6
Mr Paul Cleary:./c5a_search.php?submit=Search&querytext=7
Dr Paul Compston:./c5a_search.php?submit=Search&querytext=8
Dr Paul Cooper:./c5a_search.php?submit=Search&querytext=9
Mr Paul Cremer:./c5a_search.php?submit=Search&querytext=10
Dr Paul D'Arcy:./c5a_search.php?submit=Search&querytext=11
Dr Paul Davidson:./c5a_search.php?submit=Search&querytext=12
Ms Pauline Ding:./c5a_search.php?submit=Search&querytext=13
Mr Paul Dowden:./c5a_search.php?submit=Search&querytext=14
A/Pro Paul Dugdale:./c5a_search.php?submit=Search&querytext=15
Mr Paul Farrelly:./c5a_search.php?submit=Search&querytext=16
Dr Paul Francis:./c5a_search.php?submit=Search&querytext=17
Dr Paul Francis:./c5a_search.php?submit=Search&querytext=18
Mr Paul Gabriel:./c5a_search.php?submit=Search&querytext=19
Prof Paul Gatenby:./c5a_search.php?submit=Search&querytext=20
Mr Paul Gugger:./c5a_search.php?submit=Search&querytext=21
Mr Paul Harris:./c5a_search.php?submit=Search&querytext=22
Mr Paul Hay:./c5a_search.php?submit=Search&querytext=23
Mr Paul Helliwell:./c5a_search.php?submit=Search&querytext=24
Prof Paul Hutchcroft:./c5a_search.php?submit=Search&querytext=25
Dr Pauline Kerr:./c5a_search.php?submit=Search&querytext=26
Mr Paul Kitney:./c5a_search.php?submit=Search&querytext=27
Mr Paul Konings:./c5a_search.php?submit=Search&querytext=28
Mr Paul Kreiderman:./c5a_search.php?submit=Search&querytext=29
Mr Paul Maclay:./c5a_search.php?submit=Search&querytext=30
Mr Paul Maguire:./c5a_search.php?submit=Search&querytext=31
Dr Paul McMahon:./c5a_search.php?submit=Search&querytext=32
Mr Paul McNamara:./c5a_search.php?submit=Search&querytext=33
Mr Paul McNamara:./c5a_search.php?submit=Search&querytext=34
Mr Paul Melloy:./c5a_search.php?submit=Search&querytext=35
Mr Paul Millsteed:./c5a_search.php?submit=Search&querytext=36
Dr Paula Newitt:./c5a_search.php?submit=Search&querytext=37
Mrs Diane Paul:./c5a_search.php?submit=Search&querytext=38
Mr Nicolas Paulin:./c5a_search.php?submit=Search&querytext=39
A/Pro Paul Pavli:./c5a_search.php?submit=Search&querytext=40
Dr Paul Pavli:./c5a_search.php?submit=Search&querytext=41
Ms Paula Percival:./c5a_search.php?submit=Search&querytext=42
Prof Paul Pickering:./c5a_search.php?submit=Search&querytext=43
Ms Paulina Piira:./c5a_search.php?submit=Search&querytext=44
Mrs Paula Power:./c5a_search.php?submit=Search&querytext=45
Mr Paul Preston:./c5a_search.php?submit=Search&querytext=46
Mr Paul Pretor:./c5a_search.php?submit=Search&querytext=47
Ms Pauline Ridge:./c5a_search.php?submit=Search&querytext=48
Dr Paul Sidwell:./c5a_search.php?submit=Search&querytext=49
Mr Paul Sjoberg:./c5a_search.php?submit=Search&querytext=50
Mr Paul Steenhouse:./c5a_search.php?submit=Search&querytext=51
Mr Paul Tant:./c5a_search.php?submit=Search&querytext=52
Ms Pauline Thai:./c5a_search.php?submit=Search&querytext=53
Mr Paul Thomas:./c5a_search.php?submit=Search&querytext=54
Dr Paul Tregoning:./c5a_search.php?submit=Search&querytext=55
Ms Paula Twycross:./c5a_search.php?submit=Search&querytext=56
Mr Paul Veldkamp:./c5a_search.php?submit=Search&querytext=57
Mr Paul Waring:./c5a_search.php?submit=Search&querytext=58
Dr Paul Waters:./c5a_search.php?submit=Search&querytext=59
Dr Paul Wong:./c5a_search.php?submit=Search&querytext=60
Mr Paul Yeoh:./c5a_search.php?submit=Search&querytext=61
